category,categoryLabel,slug,store,town,region,phone,email,ownersRaw,website,tradesAs,sharedSiteWith,siteScore,siteTech,siteSnapshot,googleRating,googleReviews,facebook,fbFollowers,instagram,previewHost,stage,categoryReasons,notes
1,No website,hawera,STIHL SHOP Hawera,Hawera,Central,06 278 4753,hawera@stihlshop.co.nz,Damon Milham,,,,,,,4.6,65,https://www.facebook.com/stihlshophawera,335,,hawera.preview.f925.works,,no website of their own · Google 4.6★ (65 reviews) with nowhere to send people · Facebook page with 335 followers is their only web presence,
1,No website,masterton,STIHL SHOP Masterton,Masterton,Central,06 377 5549,masterton@stihlshop.co.nz,Jeremy Sharp & Richard Wilton,,,,,,,4.5,111,https://www.facebook.com/stihlshop.masterton,2754,,masterton.preview.f925.works,,"no website of their own · Google 4.5★ (111 reviews) with nowhere to send people · Facebook page with 2,754 followers is their only web presence",
1,No website,taihape,STIHL SHOP Taihape,Taihape,Central,06 388 1211,taihape@stihlshop.co.nz,Stephen Gazjago & Joshua Gazjago,,,,,,,5,4,https://www.facebook.com/p/STIHL-Shop-Taihape-61553751012098/,171,,taihape.preview.f925.works,,no website of their own · Google 5★ (4 reviews) with nowhere to send people · Facebook page with 171 followers is their only web presence,
1,No website,taumarunui,STIHL SHOP Taumarunui,Taumarunui,Central,07 895 8110,taumarunui@stihlshop.co.nz,Stephen Gazjago & Joshua Gazjago,,,,,,,4.7,6,https://www.facebook.com/p/STIHL-Shop-Taumarunui-61554221421505/,88,,taumarunui.preview.f925.works,,no website of their own · Google 4.7★ (6 reviews) with nowhere to send people · Facebook page with 88 followers is their only web presence,
1,No website,taupo,STIHL SHOP Taupo,Taupo,Central,07 378 4667,taupo@stihlshop.co.nz,Tim & Kate Martin,,,,,,,4.6,50,https://www.facebook.com/StihlShopTaupo,,https://www.instagram.com/stihlshoptaupo/,taupo.preview.f925.works,,no website of their own · Google 4.6★ (50 reviews) with nowhere to send people · Facebook page is their only web presence,
1,No website,wairoa,STIHL SHOP Wairoa,Wairoa,Central,06 838 9005,wairoa@stihlshop.co.nz,Craig Curphey,,,,,,,4.4,7,https://www.facebook.com/p/STIHL-Shop-Wairoa-100067812002248/,279,,wairoa.preview.f925.works,,no website of their own · Google 4.4★ (7 reviews) with nowhere to send people · Facebook page with 279 followers is their only web presence,
1,No website,wanganui,STIHL SHOP Wanganui,Wanganui,Central,06 348 9560,wanganui@stihlshop.co.nz,John & Robert Bartley,,,,,,,4.6,60,https://www.facebook.com/stihlshopwhanganui,2117,,wanganui.preview.f925.works,,"no website of their own · Google 4.6★ (60 reviews) with nowhere to send people · Facebook page with 2,117 followers is their only web presence",
1,No website,albany,STIHL SHOP Albany,Albany,Northern,09 414 0022,albany@stihlshop.co.nz,Steve and Emma Marshall,,,,,,,4.6,193,https://www.facebook.com/stihlshopalbany,1324,https://www.instagram.com/stihlshopalbany/,albany.preview.f925.works,Proposal Sent,"no website of their own · Google 4.6★ (193 reviews) with nowhere to send people · Facebook page with 1,324 followers is their only web presence",
1,No website,cambridge,STIHL SHOP Cambridge,Cambridge,Northern,07 827 6763,cambridge@stihlshop.co.nz,Rodney Weinberg & Jai Trench,,,,,,,4.5,83,https://www.facebook.com/p/Stihl-Shop-Cambridge-100063671918082/,1811,https://www.instagram.com/stihlshopcambridge/,cambridge.preview.f925.works,,"no website of their own · Google 4.5★ (83 reviews) with nowhere to send people · Facebook page with 1,811 followers is their only web presence",
1,No website,dargaville,STIHL SHOP Dargaville,Dargaville,Northern,021 317 638,dargaville@stihlshop.co.nz,Stewart Mills,,,,,,,,,,,,dargaville.preview.f925.works,,no website of their own · not even a Facebook page found,
1,No website,ellerslie,STIHL SHOP Ellerslie,Ellerslie,Northern,09 579 4938,ellerslie@stihlshop.co.nz,Philip and Karen Rollo,,,,,,,4.6,158,https://www.facebook.com/stihlshopellerslie,130,https://www.instagram.com/stihlshopellerslie/,ellerslie.preview.f925.works,,no website of their own · Google 4.6★ (158 reviews) with nowhere to send people · Facebook page with 130 followers is their only web presence,
1,No website,huntly,STIHL SHOP Huntly,Huntly,Northern,07 828 0011,huntly@stihlshop.co.nz,Graham & Sue Randall,,,,,,,4.1,31,https://www.facebook.com/STIHLSHOPHUNTLY,224,,huntly.preview.f925.works,,no website of their own · Google 4.1★ (31 reviews) with nowhere to send people · Facebook page with 224 followers is their only web presence,
1,No website,kaitaia,STIHL SHOP Kaitaia,Kaitaia,Northern,09 408 2770,kaitaia@stihlshop.co.nz,Johno Brien & Carol Carr,,,,,,,4.6,50,https://www.facebook.com/stihlshopkta,853,https://www.instagram.com/stihlshopkaitaia/,kaitaia.preview.f925.works,,no website of their own · Google 4.6★ (50 reviews) with nowhere to send people · Facebook page with 853 followers is their only web presence,
1,No website,kumeu,STIHL SHOP Kumeu,Kumeu,Northern,09 412 8592,kumeu@stihlshop.co.nz,Craig Walker,,,,,,,4.6,68,https://www.facebook.com/stihlshopkumeu,819,https://www.instagram.com/stihlshopkumeu/,kumeu.preview.f925.works,Proposal Sent,no website of their own · Google 4.6★ (68 reviews) with nowhere to send people · Facebook page with 819 followers is their only web presence,Want to discuss pricing and see how the platform works
1,No website,onehunga,STIHL SHOP Onehunga,Onehunga,Northern,09 636 6770,onehunga@stihlshop.co.nz,Shane Taylor,,,,,,,4.6,107,https://www.facebook.com/StihlShopOnehunga,2182,,onehunga.preview.f925.works,,"no website of their own · Google 4.6★ (107 reviews) with nowhere to send people · Facebook page with 2,182 followers is their only web presence",stihlshoponehunga.co.nz does not exist
1,No website,otorohanga,STIHL SHOP Otorohanga,Otorohanga,Northern,07 873 4016,otorohanga@stihlshop.co.nz,Darren Lupton & Matthew Scott,,,,,,,4.4,10,https://www.facebook.com/StihlShopOtorohanga,358,,otorohanga.preview.f925.works,,no website of their own · Google 4.4★ (10 reviews) with nowhere to send people · Facebook page with 358 followers is their only web presence,
1,No website,putaruru,STIHL SHOP Putaruru,Putaruru,Northern,07 883 8935,putaruru@stihlshop.co.nz,Anton & Morgan Middendorf,,,,,,,4.5,26,https://www.facebook.com/STIHLSHOPPutaruru,,,putaruru.preview.f925.works,,no website of their own · Google 4.5★ (26 reviews) with nowhere to send people · Facebook page is their only web presence,
1,No website,te-puke,STIHL SHOP Te Puke,Te Puke,Northern,07 573 7019,tepuke@stihlshop.co.nz,Jeremy Fursdon & Brad Helbron,,,,,,,4.5,83,https://www.facebook.com/stihlshoptepuke,,https://www.instagram.com/stihlshoptepuke/,te-puke.preview.f925.works,,no website of their own · Google 4.5★ (83 reviews) with nowhere to send people · Facebook page is their only web presence,
1,No website,thames,STIHL SHOP Thames,Thames,Northern,07 868 8730,thames@stihlshop.co.nz,Jill Gavey & Nic Jensen,,,,,,,4.8,72,https://www.facebook.com/stihlshopthames,234,,thames.preview.f925.works,,no website of their own · Google 4.8★ (72 reviews) with nowhere to send people · Facebook page with 234 followers is their only web presence,
1,No website,tokoroa,STIHL SHOP Tokoroa,Tokoroa,Northern,07 886 6612,tokoroa@stihlshop.co.nz,Russell & Gaye Hoskins,,,,,,,4.9,57,https://www.facebook.com/tokoroabusinessinc,,,tokoroa.preview.f925.works,,no website of their own · Google 4.9★ (57 reviews) with nowhere to send people · Facebook page is their only web presence,
1,No website,waiheke,STIHL SHOP Waiheke,Waiheke Island,Northern,022 320 3844,waiheke@stihlshop.co.nz,Ben Lash,,,,,,,5,7,https://www.facebook.com/stihlshopwaiheke,,,waiheke.preview.f925.works,,no website of their own · Google 5★ (7 reviews) with nowhere to send people · Facebook page is their only web presence,
1,No website,waipapa,STIHL SHOP Waipapa,Kerikeri,Northern,09 407 6140,waipapa@stihlshop.co.nz,Mathew & Kimberley Vincent,,,,,,,3.9,54,https://www.facebook.com/stihlshopwaipapa,74,https://www.instagram.com/stihlshopwaipapa/,waipapa.preview.f925.works,,no website of their own · Google 3.9★ (54 reviews) with nowhere to send people · Facebook page with 74 followers is their only web presence,
1,No website,westgate,STIHL SHOP Westgate,Auckland,Northern,09 930 9999,westgate@stihlshop.co.nz,"Craig Walker, Ben & Rae Deakin",,,,,,,4.2,33,https://www.facebook.com/stihlshopwestgate,,,westgate.preview.f925.works,,no website of their own · Google 4.2★ (33 reviews) with nowhere to send people · Facebook page is their only web presence,
1,No website,whangamata,STIHL SHOP Whangamata,Whangamata,Northern,07 865 6093,whangamata@stihlshop.co.nz,Phillip and Cheryl Clarke,,,,,,,4.2,5,https://www.facebook.com/STIHL-SHOP-Whangamata-102018525339576,60,,whangamata.preview.f925.works,,no website of their own · Google 4.2★ (5 reviews) with nowhere to send people · Facebook page with 60 followers is their only web presence,
1,No website,alexandra,STIHL SHOP Alexandra,Alexandra,Southern,03 976 7560,alexandra@stihlshop.co.nz,Murray Wilson,,,,,,,3.5,11,https://www.facebook.com/STIHLSHOPGlenEden,1489,,alexandra.preview.f925.works,,"no website of their own · Google 3.5★ (11 reviews) with nowhere to send people · Facebook page with 1,489 followers is their only web presence",
1,No website,ashburton,STIHL SHOP Ashburton,Ashburton,Southern,03 308 2055,ashburton@stihlshop.co.nz,Jeff and Kerry Marshall,,,,,,,4.9,37,https://www.facebook.com/STIHLSHOPAshburton,1323,https://www.instagram.com/stihlshopashburton/,ashburton.preview.f925.works,,"no website of their own · Google 4.9★ (37 reviews) with nowhere to send people · Facebook page with 1,323 followers is their only web presence",
1,No website,blenheim,STIHL SHOP Blenheim,Blenheim,Southern,03 578 3600,blenheim@stihlshop.co.nz,Steve & Mandy Metzger,,,,,,,4.4,76,https://www.facebook.com/stihlshopblenheimhondamarlborough,626,https://www.instagram.com/stihlshopblenheim/,blenheim.preview.f925.works,,no website of their own · Google 4.4★ (76 reviews) with nowhere to send people · Facebook page with 626 followers is their only web presence,stihlshopblenheim.nz redirects to franchise site
1,No website,cromwell,STIHL SHOP Cromwell,Cromwell,Southern,03 445 1046,cromwell@stihlshop.co.nz,Murray Wilson,,,,,,,5,4,https://www.facebook.com/stihlshopcromwell,234,,cromwell.preview.f925.works,,no website of their own · Google 5★ (4 reviews) with nowhere to send people · Facebook page with 234 followers is their only web presence,Operated by Southland Farm Machinery
1,No website,dunedin,STIHL SHOP Dunedin,Dunedin,Southern,03 455 4667,dunedin@stihlshop.co.nz,Daniel Marsh and Michelle Golder,,,,,,,4.4,129,https://www.facebook.com/StihlShopDunedin,723,,dunedin.preview.f925.works,,no website of their own · Google 4.4★ (129 reviews) with nowhere to send people · Facebook page with 723 followers is their only web presence,stihlshopdunedin.co.nz redirects to franchise site
1,No website,gore,STIHL SHOP Gore,Gore,Southern,03 208 7518,gore@stihlshop.co.nz,Aaron Green,,,,,,,4.7,27,https://www.facebook.com/Stihl-Shop-Gore-110528875637638,,,gore.preview.f925.works,,no website of their own · Google 4.7★ (27 reviews) with nowhere to send people · Facebook page is their only web presence,
1,No website,milton,STIHL SHOP Milton,Milton,Southern,03 417 8959,milton@stihlshop.co.nz,John Taal,,,,,,,4.8,30,https://www.facebook.com/STIHLSHOPMiltonnz,723,https://www.instagram.com/stihlshopmilton/,milton.preview.f925.works,,no website of their own · Google 4.8★ (30 reviews) with nowhere to send people · Facebook page with 723 followers is their only web presence,
1,No website,motueka,STIHL SHOP Motueka,Motueka,Southern,03 528 9159,motueka@stihlshop.co.nz,Richard Mabbott,,,,,,,4.5,41,https://www.facebook.com/STIHLSHOPMotueka,,https://www.instagram.com/stihlshopmotueka/,motueka.preview.f925.works,,no website of their own · Google 4.5★ (41 reviews) with nowhere to send people · Facebook page is their only web presence,
1,No website,queenstown,STIHL SHOP Queenstown,Queenstown,Southern,03 442 3896,queenstown@stihlshop.co.nz,Murray Wilson,,,,,,,4.4,23,https://www.facebook.com/stihlshopqueenstown,141,https://www.instagram.com/stihlshopqueenstown/,queenstown.preview.f925.works,,no website of their own · Google 4.4★ (23 reviews) with nowhere to send people · Facebook page with 141 followers is their only web presence,
1,No website,wanaka,STIHL SHOP Wanaka,Wanaka,Southern,03 443 7916,wanaka@stihlshop.co.nz,Sam & Jenna Scott,,,,,,,4.8,27,https://www.facebook.com/radiowanaka,3966,,wanaka.preview.f925.works,,"no website of their own · Google 4.8★ (27 reviews) with nowhere to send people · Facebook page with 3,966 followers is their only web presence",
1,No website,westport,STIHL SHOP Westport,Westport,Southern,03 789 5331,westport@stihlshop.co.nz,Bill and Shelley Caines,,,,,,,5,7,https://www.facebook.com/stihlshopwestport,259,https://www.instagram.com/stihlshopwestport/,westport.preview.f925.works,,no website of their own · Google 5★ (7 reviews) with nowhere to send people · Facebook page with 259 followers is their only web presence,
2,Weak website,gisborne,STIHL SHOP Gisborne,Gisborne,Central,06 868 8045,gisborne@stihlshop.co.nz,Tony and Kirsten Morris,https://www.stihlshopgisborne.co.nz,,,36,WordPress,,4.7,58,https://www.facebook.com/STIHLSHOPGisborne,1803,https://www.instagram.com/stihlshopgisborne/,gisborne.preview.f925.works,,audit 36/100 on WordPress · stale (newest year on page 2023) · slow load 8.5s · no contact form,
2,Weak website,hastings,STIHL SHOP Hastings,Hastings,Central,06 876 9458,hastings@stihlshop.co.nz,Gareth and Amie Chadwick,https://stihlshophastings.co.nz,,,52,WordPress,,4.8,119,https://www.facebook.com/Stihl-Shop-Hastings-2352085484812263,,https://www.instagram.com/stihlshophastings/,hastings.preview.f925.works,,audit 52/100 on WordPress · slow load 10.1s · no contact form,
2,Weak website,porirua,STIHL SHOP Porirua,Porirua,Central,04 237 4085,porirua@stihlshop.co.nz,Alastair Thomson,https://www.stihlshopporirua.co.nz,,,48,Webflow,,4.9,39,https://www.facebook.com/STIHLSHOPPorirua,525,https://www.instagram.com/stihlshopporirua/,porirua.preview.f925.works,,audit 48/100 on Webflow · stale (newest year on page 2024) · no contact form · no opening hours found,
2,Weak website,whakatane,STIHL SHOP Whakatane,Whakatane,Central,07 308 8658,whakatane@stihlshop.co.nz,Patrick Redward,https://stihlshopwhakatane.co.nz,,,50,WordPress,,4.7,48,https://www.facebook.com/StihlshopWhakatane,812,https://www.instagram.com/stihlshopwhakatane/,whakatane.preview.f925.works,,audit 50/100 on WordPress · slow load 11.8s · no contact form · no opening hours found,
2,Weak website,botany,STIHL SHOP Botany,Auckland,Northern,09 271 3000,botany@stihlshop.co.nz,Onkar and Sukhi Singh,https://stihlshopbotany.co.nz,,,53,WordPress (Elementor),2026-03-02,4.5,222,https://www.facebook.com/STIHLSHOPBotany,2339,https://www.instagram.com/stihlshopbotany/,botany.preview.f925.works,,audit 53/100 on WordPress (Elementor) · own product catalogue / cart (RFP §6 conflict) · no contact form · no opening hours found · seen via Wayback 2026-03-02 + live text (site geo-blocks non-NZ visitors),
2,Weak website,browns-bay,STIHL SHOP Browns Bay,Browns Bay,Northern,09 475 5129,brownsbay@stihlshop.co.nz,Peter & Judy Leishman,https://stihlshopbrownsbay.co.nz,,,52,WordPress,,4.8,55,https://www.facebook.com/stihlshopbrownsbay,493,https://www.instagram.com/stihlshopbrownsbay/,browns-bay.preview.f925.works,,audit 52/100 on WordPress · slow load 7.1s · no contact form,
2,Weak website,east-tamaki,STIHL SHOP East Tamaki,East Tamaki,Northern,09 274 6238,easttamaki@stihlshop.co.nz,Hamish Cook and Clare Uhlenberg,https://www.stihlshopeasttamaki.co.nz,,,36,WordPress,,4.2,145,https://www.facebook.com/Stihl-Shop-East-Tamaki-432493310200980,,,east-tamaki.preview.f925.works,,audit 36/100 on WordPress · stale (newest year on page 2020) · slow load 9.9s · no contact form,
2,Weak website,glenfield,STIHL SHOP Glenfield,Auckland,Northern,09 215 4398,glenfield@stihlshop.co.nz,Raman Behl,https://stihlshopglenfield.co.nz,,,48,WordPress,2026-01-21,5,17,https://www.facebook.com/p/STIHL-SHOP-Glenfield-61580097892583/,59,https://www.instagram.com/stihlshopglenfield/,glenfield.preview.f925.works,,audit 48/100 on WordPress · only 1 internal pages · no contact form · seen via Wayback 2026-01-21 + live text (site geo-blocks non-NZ visitors),
2,Weak website,hamilton-east,STIHL SHOP Hamilton East,Hamilton,Northern,07 856 6597,hamiltoneast@stihlshop.co.nz,Joel and Alex Hansen,https://www.stihlshophameast.co.nz,,,49,WordPress (Elementor),,4.4,193,https://www.facebook.com/StihlShopHamiltonEast,2476,,hamilton-east.preview.f925.works,,audit 49/100 on WordPress (Elementor) · stale (newest year on page 2021) · slow load 13.0s · no contact form,
2,Weak website,howick,STIHL SHOP Howick,Howick,Northern,09 532 8443,howick@stihlshop.co.nz,Garth Deenik,https://stihlshophowick.co.nz,,,36,WordPress,,4.9,43,https://www.facebook.com/p/STIHL-SHOP-Howick-61552688423591/,325,https://www.instagram.com/stihlshophowick/,howick.preview.f925.works,,audit 36/100 on WordPress · stale (newest year on page 2014) · slow load 7.0s · no contact form,
2,Weak website,matamata,STIHL SHOP Matamata,Matamata,Northern,07 888 8272,matamata@stihlshop.co.nz,Brett & Shelly Elliott,https://stihlshopmatamata.co.nz,,,52,WordPress,,4.7,49,https://www.facebook.com/StihlShopMatamata,,https://www.instagram.com/stihl_shop_matamata/,matamata.preview.f925.works,,audit 52/100 on WordPress · slow load 6.6s · no contact form,Email from franchise page (site email obfuscated)
2,Weak website,pukekohe,STIHL SHOP Pukekohe,Pukekohe,Northern,09 238 3723,pukekohe.fires@stihlshop.co.nz,Steve and Marlene Wright,https://www.stihlshoppukekohe.co.nz,,,33,Custom / unknown,,4.5,190,https://www.facebook.com/p/Stihl-Shop-Pukekohe-100069911808073/,17,https://www.instagram.com/stihlshoppukekohenz/,pukekohe.preview.f925.works,,audit 33/100 on Custom / unknown · stale (newest year on page 2016) · slow load 6.0s · horizontal overflow on phone · no contact form,
2,Weak website,silverdale,STIHL SHOP Silverdale,Silverdale,Northern,09 426 5414,silverdale@stihlshop.co.nz,Peter & Judy Leishman,https://stihlshopsilverdale.co.nz,,,52,WordPress,,4.8,119,https://www.facebook.com/Stihl-Shop-Silverdale-2482034648514548,,,silverdale.preview.f925.works,,audit 52/100 on WordPress · slow load 8.5s · no contact form,
2,Weak website,te-awamutu,STIHL SHOP Te Awamutu,Te Awamutu,Northern,07 871 6134,teawamutu@stihlshop.co.nz,Matthew & Sharlene Hird,https://www.stihlshopta.co.nz,,,54,WordPress (Elementor),,4.5,112,https://www.facebook.com/stihlshopta,1119,,te-awamutu.preview.f925.works,Proposal Sent,audit 54/100 on WordPress (Elementor) · stale (newest year on page 2021) · slow load 8.5s · no contact form,Said give them a couple weeks as things are busy
2,Weak website,te-rapa,STIHL SHOP Te Rapa,Hamilton,Northern,07 849 9966,terapa@stihlshop.co.nz,Onkar and Sukhdeep Singh,https://stihlshop-terapa.co.nz,,,40,WordPress,,4.3,229,https://www.facebook.com/stihlshopterapa,2284,https://www.instagram.com/stihlshopterapa/,te-rapa.preview.f925.works,,audit 40/100 on WordPress · only 0 internal pages · no contact form · no opening hours found,
2,Weak website,warkworth,STIHL SHOP Warkworth,Warkworth,Northern,09 425 7772,warkworth@stihlshop.co.nz,Michael & Roanne Bremner,https://www.stihlshopwarkworth.co.nz,,,37,Wix,,4.9,94,https://www.facebook.com/stihlshopwarkworth,675,https://www.instagram.com/stihlshopwarkworth/,warkworth.preview.f925.works,,audit 37/100 on Wix · stale (newest year on page 2023) · very little content · no contact form · no opening hours found,
2,Weak website,invercargill,STIHL SHOP Invercargill,Invercargill,Southern,03 218 9364,invercargill@stihlshop.co.nz,Shirley & Gillon Muirhead,https://www.stihlshopinvercargill.co.nz,,,49,Custom / unknown,,3.8,60,https://www.facebook.com/Stihl-Shop-Invercargill-188561384656961,,https://www.instagram.com/stihlshopinvercargill/,invercargill.preview.f925.works,,audit 49/100 on Custom / unknown · stale (newest year on page 2019) · slow load 7.8s · no contact form,
2,Weak website,mosgiel,STIHL SHOP Mosgiel,Mosgiel,Southern,03 486 1222,mosgiel@stihlshop.co.nz,David Hay and Andrew Allan,https://stihlshopmosgiel.co.nz,,,52,WordPress,,5,8,https://www.facebook.com/stihlshopmosgiel,725,https://www.instagram.com/stihl.shop.mosgiel/,mosgiel.preview.f925.works,,audit 52/100 on WordPress · slow load 7.9s · no contact form,
2,Weak website,rolleston,STIHL SHOP Rolleston,Christchurch,Southern,03 242 0421,rolleston@stihlshop.co.nz,Stephen Bain and Simon Moore,https://www.stihlshoprolleston.co.nz,,,36,WordPress,,4.9,54,https://www.facebook.com/p/STIHL-SHOP-Rolleston-100083329419309/,837,https://www.instagram.com/stihlshoprolleston/,rolleston.preview.f925.works,,audit 36/100 on WordPress · stale (newest year on page 2023) · slow load 8.5s · no contact form,
2,Weak website,timaru,STIHL SHOP Timaru,Timaru,Southern,03 688 2557,sales@stihlshoptimaru.co.nz,John Bishop,https://stihlshoptimaru.co.nz,,,46,WordPress,,4.7,67,https://www.facebook.com/Stihlshoptimaru,1369,https://www.instagram.com/stihltimaru/,timaru.preview.f925.works,,audit 46/100 on WordPress · stale (newest year on page 2021) · no contact form,
3,Decent website,feilding,STIHL SHOP Feilding,Feilding,Central,06 323 8271,feilding@stihlshop.co.nz,Richard & Nicky Baker,https://stihlshopfeilding.co.nz,,,62,WordPress,,4.5,51,https://www.facebook.com/stihlshopfeilding,588,,feilding.preview.f925.works,,audit 62/100 on WordPress · slow load 6.6s · no contact form · 8 internal pages · hours shown · STIHL branding present,
3,Decent website,greenmeadows,STIHL SHOP Greenmeadows,Napier,Central,06 844 2418,greenmeadows@stihlshop.co.nz,Hayden & Victoria Buckman,https://stihlshopgreenmeadows.co.nz,,,72,WordPress,,4.4,97,https://www.facebook.com/STIHLShopNapier,1516,https://www.instagram.com/stihlshopgreenmeadows/,greenmeadows.preview.f925.works,,audit 72/100 on WordPress · no contact form · 24 internal pages · hours shown · STIHL branding present,
3,Decent website,greytown,STIHL SHOP Greytown,Greytown,Central,06 304 9661,greytown@stihlshop.co.nz,James Pringle,https://www.stihlshopgreytown.co.nz,,,72,Webflow,,4.7,71,https://www.facebook.com/stihlshopgreytown,,,greytown.preview.f925.works,,audit 72/100 on Webflow · no contact form · 16 internal pages · hours shown · STIHL branding present,Site has contact form only; email from franchise page
3,Decent website,kapiti,STIHL SHOP Kapiti,Paraparaumu,Central,04 212 5570,kapiti@stihlshop.co.nz,Eben Venter,https://www.stihlshopkapiti.nz,,,62,Custom / unknown,,4.6,110,https://www.facebook.com/kapitifoodbank1,1574,https://www.instagram.com/stihlshopkapiti/,kapiti.preview.f925.works,,audit 62/100 on Custom / unknown · slow load 7.0s · no contact form · 8 internal pages · hours shown · STIHL branding present,Site has contact form only; email from franchise page
3,Decent website,lakelands,STIHL SHOP Lakelands,Rotorua,Central,07 348 8141,lakelands@stihlshop.co.nz,Christine Leaf,https://stihlshoplakelands.co.nz,,,67,WordPress (Elementor),2026-01-31,4.8,38,https://www.facebook.com/StihlShopLakelands,623,https://www.instagram.com/stihlshoplakelands/,lakelands.preview.f925.works,,audit 67/100 on WordPress (Elementor) · no contact form · no opening hours found · 19 internal pages · map · STIHL branding present · seen via Wayback 2026-01-31 + live text (site geo-blocks non-NZ visitors),
3,Decent website,napier,STIHL SHOP Napier,Napier,Central,06 835 7850,napier@stihlshop.co.nz,Martin and Deborah Leach,https://stihlshopnapier.co.nz,,,58,WordPress (Elementor),,4.4,58,https://www.facebook.com/STIHLShopNapier,1516,https://www.instagram.com/stihlshopnapier/,napier.preview.f925.works,,audit 58/100 on WordPress (Elementor) · slow load 17.2s · no contact form · 37 internal pages · hours shown · STIHL branding present,
3,Decent website,new-plymouth,STIHL SHOP New Plymouth,New Plymouth,Central,06 757 2929,newplymouth@stihlshop.co.nz,Hamish & Kate Scott,https://stihlshopnewplymouth.co.nz,,,62,Squarespace,,4.5,82,https://www.facebook.com/stihlshop.newplymouth,390,https://www.instagram.com/stihlshopnewplymouth/,new-plymouth.preview.f925.works,,audit 62/100 on Squarespace · slow load 6.8s · no contact form · 23 internal pages · hours shown · STIHL branding present,
3,Decent website,palmerston-north,STIHL SHOP Palmerston North,Palmerston North,Central,06 358 6275,palmerstonnorth@stihlshop.co.nz,Mark Detrey,https://www.stihlshoppalmerstonnorth.co.nz,,,58,WordPress (Elementor),,4.7,186,,,https://www.instagram.com/stihlshoppalmerstonnorth/,palmerston-north.preview.f925.works,,audit 58/100 on WordPress (Elementor) · slow load 7.3s · no contact form · 12 internal pages · hours shown · STIHL branding present,
3,Decent website,petone,STIHL SHOP Petone,Petone,Central,04 586 7139,petone@stihlshop.co.nz,Alastair & Louise Thomson,https://www.stihlshoppetone.co.nz,,,57,Webflow,,4.6,160,https://www.facebook.com/STIHLSHOPPetone,,https://www.instagram.com/stihlshoppetone/,petone.preview.f925.works,,audit 57/100 on Webflow · stale (newest year on page 2024) · no contact form · no opening hours found · 47 internal pages · substantial content · STIHL branding present,
3,Decent website,upper-hutt,STIHL SHOP Upper Hutt,Upper Hutt,Central,04 527 9682,upperhutt@stihlshop.co.nz,Alastair & Louise Thomson,https://www.stihlshopupperhutt.co.nz,,,60,Webflow,,4.6,166,https://www.facebook.com/p/STIHL-SHOP-Upper-Hutt-61581156565198/,125,,upper-hutt.preview.f925.works,,audit 60/100 on Webflow · no contact form · no opening hours found · 42 internal pages · STIHL branding present · links to stihlshop.co.nz,
3,Decent website,glen-eden,STIHL SHOP Glen Eden,Glen Eden,Northern,09 818 5144,gleneden@stihlshop.co.nz,Anthony McGill,https://mcgilloutdoors.co.nz,,,70,Shopify,,4.6,161,https://www.facebook.com/STIHLSHOPGlenEden,1489,https://www.instagram.com/stihlshopgleneden/,glen-eden.preview.f925.works,,audit 70/100 on Shopify · no opening hours found · 30 internal pages · contact form · STIHL branding present,
3,Decent website,mt-albert,STIHL SHOP Mt Albert,Auckland,Northern,09 846 1820,mtalbert@stihlshop.co.nz,Hamish Cook and Clare Uhlenberg,https://mcgilloutdoors.co.nz,,,74,Shopify,,4.2,137,https://www.facebook.com/stihlshopmtalbert,495,https://www.instagram.com/mtalbert_stihlshop/,mt-albert.preview.f925.works,,audit 74/100 on Shopify · no opening hours found · 30 internal pages · contact form · STIHL branding present,
3,Decent website,mt-maunganui,STIHL SHOP Mt Maunganui,Mt Maunganui,Northern,07 575 8840,mtmaunganui@stihlshop.co.nz,Craig and Fiona Burnham,https://www.stihlshopmtmaunganui.co.nz,,,76,Webflow,,4.7,115,https://www.facebook.com/Stihl-Shop-Mt-Maunganui-177749982265429,,https://www.instagram.com/stihlshopmtmaunganui/,mt-maunganui.preview.f925.works,,audit 76/100 on Webflow · no contact form · 35 internal pages · hours shown · STIHL branding present,
3,Decent website,whangarei,STIHL SHOP Whangarei,Whangarei,Northern,09 438 8841,whangarei@stihlshop.co.nz,"Raymond Nair, Olivia Lew and James Nair",https://stihlshopwhangarei.co.nz,,,58,WordPress,,4.2,122,https://www.facebook.com/sswhangarei,920,,whangarei.preview.f925.works,,audit 58/100 on WordPress · slow load 10.2s · no contact form · 8 internal pages · hours shown · STIHL branding present,
3,Decent website,ferrymead,STIHL SHOP Ferrymead,Ferrymead,Southern,03 376 4656,ferrymead@stihlshop.co.nz,Bill and Shelley Caines,https://www.stihlshopferrymead.com,,,57,Wix,,5,43,https://www.facebook.com/stihlshopferrymead,550,https://www.instagram.com/stihlshopferrymead/,ferrymead.preview.f925.works,,audit 57/100 on Wix · no contact form · builder: Wix · hours shown · STIHL branding present · links to stihlshop.co.nz,
3,Decent website,fosters,STIHL SHOP Fosters,Christchurch,Southern,03 343 6339,fosters@stihlshop.co.nz,Tim Foster,https://stihlshopfosters.co.nz,,,69,WordPress,,4.5,198,https://www.facebook.com/stihlshopchristchurch,1389,https://www.instagram.com/fostersstihlshop/,fosters.preview.f925.works,,audit 69/100 on WordPress · slow load 7.0s · no opening hours found · 97 internal pages · substantial content · contact form,
3,Decent website,greymouth,STIHL SHOP Greymouth,Greymouth,Southern,03 768 0230,greymouth@stihlshop.co.nz,Bill and Shelley Caines,https://www.stihlshopgreymouth.com,,,57,Wix,,4.9,41,https://www.facebook.com/stihlshopgreymouth,324,https://www.instagram.com/stihlshopgreymouth/,greymouth.preview.f925.works,,audit 57/100 on Wix · no contact form · builder: Wix · hours shown · STIHL branding present · links to stihlshop.co.nz,
3,Decent website,nelson,STIHL SHOP Nelson,Nelson,Southern,03 548 0179,sales@nelsonstihlshop.co.nz,Isaac and Michelle Russell,https://www.nelsonstihlshop.co.nz,,,57,Joomla,,4.3,73,https://www.facebook.com/StihlShopNelson,1312,,nelson.preview.f925.works,,audit 57/100 on Joomla · slow load 9.1s · horizontal overflow on phone · no contact form · 13 internal pages · hours shown · map,
3,Decent website,richmond,STIHL SHOP Richmond,Richmond,Southern,03 544 6122,sales@stihlshoprichmond.co.nz,Grant Blanchet,https://stihlshoprichmond.nz,,,72,Shopify,,4.5,113,https://www.facebook.com/stihlshoprichmond,741,https://www.instagram.com/stihlshoprichmond/,richmond.preview.f925.works,,audit 72/100 on Shopify · contact form · hours shown · STIHL branding present,stihlshoprichmond.co.nz redirects here
3,Decent website,winton,STIHL SHOP Winton,Winton,Southern,03 236 8585,winton@stihlshop.co.nz,Sarah and Fraser Guise,https://www.stihlshopwinton.co.nz,,,77,Wix,,4.7,36,https://www.facebook.com/STIHLSHOPWinton,,https://www.instagram.com/stihlshopwinton/,winton.preview.f925.works,,audit 77/100 on Wix · builder: Wix · 21 internal pages · contact form · hours shown,
4,Multi-brand / shared site,levin,STIHL SHOP Levin,Levin,Central,06 367 9951,levin@stihlshop.co.nz,"Bevan Bisset, Ingrid De Graaf and Scott Newton",https://www.hondahoro.co.nz,City Honda Horowhenua,,60,Magento,2026-06-13,4.4,81,,,,levin.preview.f925.works,,trades as City Honda Horowhenua · their site scores 60/100,Trades as City Honda Horowhenua | City Honda Horowhenua site (geo-blocks non-NZ)
4,Multi-brand / shared site,pahiatua,STIHL SHOP Pahiatua,Pahiatua,Central,06 376 8829,bevan@bissethonda.co.nz,Bevan Bisset,https://www.bissethonda.co.nz,Bisset Honda,,60,Magento,2026-04-18,4.6,8,,,,pahiatua.preview.f925.works,,trades as Bisset Honda · their site scores 60/100,Trades as Bisset Honda
4,Multi-brand / shared site,stratford,STIHL SHOP Stratford,Stratford,Central,06 765 5202,stratford@stihlshop.co.nz,Hamish and Kate Scott,https://stihlshopnewplymouth.co.nz,,New Plymouth,62,Squarespace,,5,1,https://www.facebook.com/stihlshop.newplymouth,390,,stratford.preview.f925.works,,branch page on STIHL SHOP New Plymouth's site · their site scores 62/100,Shared site with New Plymouth
4,Multi-brand / shared site,te-aro,STIHL SHOP Te Aro,Te Aro,Central,04 298 2551,tearo@stihlshop.co.nz,Richard and Gina Lousley,https://ellmers.co.nz,Ellmers,,58,WordPress,,4.5,111,https://www.facebook.com/stihlshopta,1119,,te-aro.preview.f925.works,,trades as Ellmers · their site scores 58/100,Trades as STIHL SHOP Ellmers | Trades as Ellmers — multi-brand
4,Multi-brand / shared site,waipukurau,STIHL SHOP Waipukurau,Waipukurau,Central,06 858 9109,waipukurau@stihlshop.co.nz,Gareth Bloomfield,https://www.millshonda.co.nz,Mills Honda,,67,Custom / unknown,,4,15,https://www.facebook.com/Stihl-Shop-Waipukurau-1418340788409450,,https://www.instagram.com/millshonda_stihlshopwaipukurau/,waipukurau.preview.f925.works,,trades as Mills Honda · their site scores 67/100,Trades as Mills Honda; alt sales@millshonda.co.nz
4,Multi-brand / shared site,drury,STIHL SHOP Drury,Drury,Northern,09 294 8585,sales@downs.net.nz,Ross Warren,https://stihlshopdrury.co.nz,Downs,,36,Custom / unknown,,4.4,120,https://www.facebook.com/StihlShopDrury,1302,https://www.instagram.com/stihlshopdrury/,drury.preview.f925.works,,trades as Downs · their site scores 36/100,Trades as Downs
4,Multi-brand / shared site,morrinsville,STIHL SHOP McLaren Rural Services Limited,Morrinsville,Northern,07 889 6053,info@mclarensrural.co.nz,Tony McLaren,https://mclarensrural.co.nz,McLarens Rural Services,,74,WordPress,,5,2,https://www.facebook.com/STIHLSHOPMcLarensRural,,,morrinsville.preview.f925.works,,trades as McLarens Rural Services · their site scores 74/100,Email from search snippet - verify
4,Multi-brand / shared site,amberley,STIHL SHOP Amberley,Amberley,Southern,03 662 3004,info@turfforce.co.nz,Jim & Ryan Bassett,https://stihlshopamberley.co.nz,Turf Force,,87,WordPress (Elementor),,5,6,https://www.facebook.com/stihlshoppayneham,1522,,amberley.preview.f925.works,,trades as Turf Force · their site scores 87/100,Trades as Turf Force
4,Multi-brand / shared site,balclutha,STIHL SHOP Balclutha,Balclutha,Southern,03 418 0626,,"Ewan Allan Honda (Andrew Allan, also STIHL SHOP Mosgiel)",https://ewanallan.co.nz/pages/stihl-shop,Ewan Allan Honda,,72,Shopify,,,,https://www.facebook.com/p/Ewan-Allan-Honda-Balclutha-100057254688584/,,,balclutha.preview.f925.works,,trades as Ewan Allan Honda · their site scores 72/100,"NEW — only on stihl.co.nz corporate locator (not on stihlshop.co.nz, not in the sheet). Run by Ewan Allan Honda (Gore/Balclutha/Mosgiel/Alexandra Honda dealer); STIHL SHOP is one page on their Shopify site. Hours Mon-Fri 7:30-5:30, Sat 8-12, closed Sun."
4,Multi-brand / shared site,northwood,STIHL SHOP Northwood,Christchurch,Southern,03 974 2469,northwood@stihlshop.co.nz,Will Price,https://stihlshopfosters.co.nz,,Fosters,69,WordPress,,4.5,104,https://www.facebook.com/stihlshopchristchurch,1389,,northwood.preview.f925.works,,branch page on STIHL SHOP Fosters's site · their site scores 69/100,Branch of STIHL SHOP Fosters (Christchurch) — shares stihlshopfosters.co.nz
4,Multi-brand / shared site,oamaru,STIHL SHOP Oamaru,Oamaru,Southern,03 437 1850,oamaru@stihlshop.co.nz,Brad Selfe,https://www.oamaruhonda.co.nz,Oamaru Honda,,45,Magento,2026-03-10,4.7,58,https://www.facebook.com/stihlshopoamaru,1126,https://www.instagram.com/stihlshop_oamaru/,oamaru.preview.f925.works,,trades as Oamaru Honda · their site scores 45/100,Trades as Oamaru Honda — multi-brand (site geo-blocks non-NZ)
4,Multi-brand / shared site,rangiora,STIHL SHOP Rangiora,Rangiora,Southern,03 313 3398,rangiora@stihlshop.co.nz,Aron South,https://stihlshopfosters.co.nz,,Fosters,69,WordPress,,4.6,88,https://www.facebook.com/stihlshopchristchurch,1389,,rangiora.preview.f925.works,,branch page on STIHL SHOP Fosters's site · their site scores 69/100,Branch of STIHL SHOP Fosters (Christchurch) — shares stihlshopfosters.co.nz
4,Multi-brand / shared site,sydenham,STIHL SHOP Sydenham,Sydenham,Southern,03 379 3739,sydenham@stihlshop.co.nz,,https://www.stihlshopferrymead.com,,Ferrymead,57,Wix,,5,43,https://www.facebook.com/stihlshopferrymead,550,,sydenham.preview.f925.works,,branch page on STIHL SHOP Ferrymead's site · their site scores 57/100,"NEW — on stihlshop.co.nz locator, not in the 6-month-old sheet | Branch of STIHL SHOP Ferrymead — shares stihlshopferrymead.com"
4,Multi-brand / shared site,te-anau,STIHL SHOP Te Anau,Te Anau,Southern,03 249 7322,admin@fiordlandmarine.co.nz,Chris McKenzie and Alissa Johnston,https://www.fiordlandmarine.co.nz,Fiordland Marine,,58,Wix,,5,1,https://www.facebook.com/p/Fiordland-Marine-STIHL-SHOP-Te-Anau-100057325815028/,775,,te-anau.preview.f925.works,,trades as Fiordland Marine · their site scores 58/100,Trades as Fiordland Marine
5,On UNIFY,rotorua,STIHL SHOP Rotorua,Rotorua,Central,07 348 6614,rotorua@stihlshop.co.nz,Alan & Phillip Richards,https://stihlshoprotorua.co.nz,,,,,,4.5,88,https://www.facebook.com/StihlShopRotorua,542,,rotorua.preview.f925.works,Closed Won,live on UNIFY,
5,On UNIFY,tauranga,STIHL SHOP Tauranga,Tauranga,Northern,07 577 0747,tauranga@stihlshop.co.nz,Greg & Mike McLarnon,https://stihlshoptauranga.co.nz,,,,,,4.4,63,https://www.facebook.com/Stihl-Shop-Tauranga-315068901980921,358,https://www.instagram.com/stihlshop_tauranga_waihi/,tauranga.preview.f925.works,Closed Won,live on UNIFY,Parts: tauranga.parts@stihlshop.co.nz
5,On UNIFY,waihi,STIHL SHOP Waihi,Waihi,Northern,07 863 8385,stihlshopwaihi@gmail.com,Greg & Siobhan McLarnon,https://stihlshopwaihi.co.nz,,,,,,4.2,31,https://www.facebook.com/p/STIHL-SHOP-Waihi-100062921725861/,,,waihi.preview.f925.works,Closed Won,live on UNIFY,Uses a gmail address
0,Closed,whitianga,STIHL SHOP Whitianga - CURRENTLY CLOSED,Whitianga,Northern,07 866 0211,whitianga@stihlshop.co.nz,,,,,,,,,,,,,whitianga.preview.f925.works,,locator says CURRENTLY CLOSED,"NEW — on stihlshop.co.nz locator, not in the 6-month-old sheet"
