Store	Phone	Contact	Address	Town/City	Website?	Contacted?	Deal Stage	Region	Email	Notes
STIHL SHOP Albany	09 414 0022	Steve and Emma Marshall	265 Albany Highway, Rosedale	ALBANY	❌	Yes	Proposal Sent	Northern	albany@stihlshop.co.nz	
STIHL SHOP Alexandra	03 9767560	Murray Wilson	71 Centennial Ave	ALEXANDRA	❌			Southern	alexandra@stihlshop.co.nz	
STIHL SHOP Amberley	03 6623004	Jim & Ryan Bassett	47 Carters Road	AMBERLEY	https://stihlshopamberley.co.nz/			Southern	info@turfforce.co.nz	Trades as Turf Force
STIHL SHOP Ashburton	03 308 2055	Jeff and Kerry Marshall	187 West Street	ASHBURTON	❌			Southern	ashburton@stihlshop.co.nz	
STIHL SHOP Blenheim	03 578 3600	Steve & Mandy Metzger	30 Redwood Street	BLENHEIM	❌			Southern	blenheim@stihlshop.co.nz	stihlshopblenheim.nz redirects to franchise site
STIHL SHOP Botany	09 271 3000	Onkar and Sukhi Singh	16 Bishop Dunn Place	AUCKLAND	https://stihlshopbotany.co.nz/			Northern	botany@stihlshop.co.nz	
STIHL SHOP Browns Bay	09 475 5129	Peter & Judy Leishman	Shop 1, 26 Anzac Road	BROWNS BAY	❌			Northern	brownsbay@stihlshop.co.nz	
STIHL SHOP Cambridge	07 827 6763	Rodney Weinberg & Jai Trench	42 Victoria Street	CAMBRIDGE	❌			Northern	cambridge@stihlshop.co.nz	
STIHL SHOP Cromwell	03 445 1046	Murray Wilson	12 Elspeth Street	CROMWELL	❌			Southern	cromwell@stihlshop.co.nz	Operated by Southland Farm Machinery
STIHL SHOP Dargaville	021 317 638	Stewart Mills	12 Normanby Street	DARGAVILLE	❌			Northern	dargaville@stihlshop.co.nz	
STIHL SHOP Drury	09 294 8585	Ross Warren	267 Great South Road	DRURY	https://stihlshopdrury.co.nz			Northern	sales@downs.net.nz	Trades as Downs
STIHL SHOP Dunedin	03 455 4667	Daniel Marsh and Michelle Golder	535 Andersons Bay Rd	DUNEDIN	❌			Southern	dunedin@stihlshop.co.nz	stihlshopdunedin.co.nz redirects to franchise site
STIHL SHOP East Tamaki	09 274 6238	Hamish Cook and Clare Uhlenberg	18 Harris Road	EAST TAMAKI	https://www.stihlshopeasttamaki.co.nz			Northern	easttamaki@stihlshop.co.nz	
STIHL SHOP Ellerslie	09 579 4938	Philip and Karen Rollo	174B Marua Road	ELLERSLIE	❌			Southern	ellerslie@stihlshop.co.nz	
STIHL SHOP Feilding	06 323 8271	Richard & Nicky Baker	30 Aorangi Street	FEILDING	https://stihlshopfeilding.co.nz			Central	feilding@stihlshop.co.nz	
STIHL SHOP Ferrymead	03 376 4656	Bill and Shelley Caines	987 Ferry Road	FERRYMEAD	https://www.stihlshopferrymead.com			Southern	ferrymead@stihlshop.co.nz	
STIHL SHOP Fosters	03 343 6339	Tim Foster	559 Blenheim Road	CHRISTCHURCH	https://stihlshopfosters.co.nz			Southern	fosters@stihlshop.co.nz	
STIHL SHOP Gisborne	06 868 8045	Tony and Kirsten Morris	51 Carnarvon Street	GISBORNE	https://www.stihlshopgisborne.co.nz			Central	gisborne@stihlshop.co.nz	
STIHL SHOP Glen Eden	09 818 5144	Anthony McGill	93 West Coast Road	GLEN EDEN	❌			Northern	gleneden@stihlshop.co.nz	
STIHL SHOP Glenfield	09 215 43 98	Raman Behl	89 Wairau Road, Glenfield	AUCKLAND	https://stihlshopglenfield.co.nz			Northern	glenfield@stihlshop.co.nz	
STIHL SHOP Gore	03 208 7518	Aaron Green	189 Main Street	GORE	❌			Southern	gore@stihlshop.co.nz	
STIHL SHOP Greenmeadows	06 844 2418	Hayden & Victoria Buckman	2 Gloucester Street	NAPIER	https://stihlshopgreenmeadows.co.nz/			Central	greenmeadows@stihlshop.co.nz	
STIHL SHOP Greymouth	03 768 0230	Bill and Shelley Caines	11 Herbert Street	GREYMOUTH	https://www.stihlshopgreymouth.com/			Southern	greymouth@stihlshop.co.nz	
STIHL SHOP Greytown	06 304 9661	James Pringle	246 Main Street	GREYTOWN	https://www.stihlshopgreytown.co.nz/			Central	greytown@stihlshop.co.nz	Site has contact form only; email from franchise page
STIHL SHOP Hamilton East	07 856 6597	Joel and Alex Hansen	146 Grey Street	HAMILTON	https://www.stihlshophameast.co.nz/			Northern	hamiltoneast@stihlshop.co.nz	
STIHL SHOP Hastings	06 876 9458	Gareth and Amie Chadwick	906 Karamu Road	HASTINGS	https://stihlshophastings.co.nz/			Central	hastings@stihlshop.co.nz	
STIHL SHOP Hawera	06 278 4753	Damon Milham	Cnr Glover Rd & Union St	HAWERA	❌			Central	hawera@stihlshop.co.nz	
STIHL SHOP Howick	09 532 8443	Garth Deenik	102 Picton Street	HOWICK	https://stihlshophowick.co.nz/			Central	howick@stihlshop.co.nz	
STIHL SHOP Huntly	07 828 0011	Graham & Sue Randall	10 Ralph Street	HUNTLY	❌			Central	huntly@stihlshop.co.nz	
STIHL SHOP Invercargill	03 218 9364	Shirley & Gillon Muirhead	120 Tay Street	INVERCARGILL	https://www.stihlshopinvercargill.co.nz/			Southern	invercargill@stihlshop.co.nz	
STIHL SHOP Kaitaia	09 408 2770	Johno Brien & Carol Carr	134 North Rd	KAITAIA	❌			Central	kaitaia@stihlshop.co.nz	
STIHL SHOP Kapiti	04 212 5570	Eben Venter	10 Te Roto Drive	PARAPARAUMU	https://www.stihlshopkapiti.nz			Central	kapiti@stihlshop.co.nz	Site has contact form only; email from franchise page
STIHL SHOP Kumeu	09 412 8592	Craig Walker	54 Main Road	KUMEU	❌	Yes	Proposal Sent	Northern	kumeu@stihlshop.co.nz	Want to discuss pricing and see how the platform works
STIHL SHOP Lakelands	07 348 8141	Christine Leaf	2/1560 Amohau Street	ROTORUA	https://stihlshoplakelands.co.nz			Central	lakelands@stihlshop.co.nz	
STIHL SHOP Levin	06 367 9951	Bevan Bisset, Ingrid De Graaf and Scott Newton	108 Oxford Street	LEVIN	❌			Central	levin@stihlshop.co.nz	Trades as City Honda Horowhenua
STIHL SHOP Masterton	06 377 5549	Jeremy Sharp & Richard Wilton	4 Chapel Street	MASTERTON	❌			Central	masterton@stihlshop.co.nz	
STIHL SHOP Matamata	07 888 8272	Brett & Shelly Elliott	91 Firth Street	MATAMATA	https://stihlshopmatamata.co.nz			Northern	matamata@stihlshop.co.nz	Email from franchise page (site email obfuscated)
STIHL SHOP McLaren Rural Services Limited	07 889 6053	Tony McLaren	8 Allen Street	MORRINSVILLE	https://mclarensrural.co.nz			Northern	info@mclarensrural.co.nz	Email from search snippet - verify
STIHL SHOP Milton	03 417 8959	John Taal	101 Union Street	MILTON	❌			Southern	milton@stihlshop.co.nz	
STIHL SHOP Mosgiel	03 486 1222	David Hay and Andrew Allan	119 Dukes Road North	MOSGIEL	https://stihlshopmosgiel.co.nz			Southern	mosgiel@stihlshop.co.nz	
STIHL SHOP Motueka	03 528 9159	Richard Mabbott	1a 396 High Street	MOTUEKA	❌			Southern	motueka@stihlshop.co.nz	
STIHL SHOP Mt Albert	09 846 1820	Hamish Cook and Clare Uhlenberg	859 New North Road	AUCKLAND	❌			Northern	mtalbert@stihlshop.co.nz	
STIHL SHOP Mt Maunganui	07 575 8840	Craig and Fiona Burnham	11 Newton Street	MT MAUNGANUI	https://www.stihlshopmtmaunganui.co.nz			Northern	mtmaunganui@stihlshop.co.nz	
STIHL SHOP Napier	06 835 7850	Martin and Deborah Leach	43 Thackeray Street	NAPIER	https://stihlshopnapier.co.nz			Central	napier@stihlshop.co.nz	
STIHL SHOP Nelson	03 548 0179	Isaac and Michelle Russell	66-68 Vanguard Street	NELSON	https://www.nelsonstihlshop.co.nz			Southern	sales@nelsonstihlshop.co.nz	
STIHL SHOP New Plymouth	06 757 2929	Hamish & Kate Scott	50 Molesworth Street	NEW PLYMOUTH	https://stihlshopnewplymouth.co.nz			Central	newplymouth@stihlshop.co.nz	
STIHL SHOP Northwood	03 974 2469	Will Price	554 Main North Road	CHRISTCHURCH	❌			Southern	northwood@stihlshop.co.nz	
STIHL SHOP Oamaru	03 437 1850	Brad Selfe	394 Thames Highway	OAMARU	❌			Southern	oamaru@stihlshop.co.nz	
STIHL SHOP Onehunga	09 636 6770	Shane Taylor	270 Church Street	ONEHUNGA	❌			Central	onehunga@stihlshop.co.nz	stihlshoponehunga.co.nz does not exist
STIHL SHOP Otorohanga	07 873 4016	Darren Lupton & Matthew Scott	4 Te Kanawa Street	OTOROHANGA	❌			Northern	otorohanga@stihlshop.co.nz	
STIHL SHOP Pahiatua	06 376 8829	Bevan Bisset	116 Main Street	PAHIATUA	https://www.bissethonda.co.nz			Central	bevan@bissethonda.co.nz	Trades as Bisset Honda
STIHL SHOP Palmerston North	06 358 6275	Mark Detrey	713 Main Street	PALMERSTON NORTH	https://www.stihlshoppalmerstonnorth.co.nz			Central	palmerstonnorth@stihlshop.co.nz	
STIHL SHOP Petone	04 586 7139	Alastair & Louise Thomson	38 Victoria Street	PETONE	https://www.stihlshoppetone.co.nz			Central	petone@stihlshop.co.nz	
STIHL SHOP Porirua	04 237 4085	Alastair Thomson	Shop 1.02 Porirua Mega Centre	PORIRUA	https://www.stihlshopporirua.co.nz			Central	porirua@stihlshop.co.nz	
STIHL SHOP Pukekohe	09 238 3723	Steve and Marlene Wright	16 Wrightson Way	PUKEKOHE	https://www.stihlshoppukekohe.co.nz			Northern	pukekohe.fires@stihlshop.co.nz	
STIHL SHOP Putaruru	07 883 8935	Anton & Morgan Middendorf	15 Taupo Street	PUTARURU	❌			Central	putaruru@stihlshop.co.nz	
STIHL SHOP Queenstown	03 442 3896	Murray Wilson	208 Glenda Drive	QUEENSTOWN	❌			Southern	queenstown@stihlshop.co.nz	
STIHL SHOP Rangiora	03 313 3398	Aron South	Corner Lineside and Station Road	RANGIORA	❌			Central	rangiora@stihlshop.co.nz	
STIHL SHOP Richmond	03 544 6122	Grant Blanchet	62 Gladstone Rd	RICHMOND	https://stihlshoprichmond.nz			Southern	sales@stihlshoprichmond.co.nz	stihlshoprichmond.co.nz redirects here
STIHL SHOP Rolleston	03 242 0421	Stephen Bain and Simon Moore	40 Hoskyns Road, Rolleston	CHRISTCHURCH	https://www.stihlshoprolleston.co.nz/			Southern	rolleston@stihlshop.co.nz	
STIHL SHOP Rotorua	07 348 6614	Alan & Phillip Richards	Cnr Amohau & Hinemaru St	ROTORUA	❌	Yes	Closed Won	Central	rotorua@stihlshop.co.nz	
STIHL SHOP Silverdale	09 426 5414	Peter & Judy Leishman	6 Flexman Place	SILVERDALE	❌			Northern	silverdale@stihlshop.co.nz	
STIHL SHOP Stratford	06 765 5202	Hamish and Kate Scott	369 Broadway	STRATFORD	https://stihlshopnewplymouth.co.nz			Central	stratford@stihlshop.co.nz	Shared site with New Plymouth
STIHL SHOP Taihape	06 388 1211	Stephen Gazjago & Joshua Gazjago	89-91 Hautapu Street	TAIHAPE	❌			Central	taihape@stihlshop.co.nz	
STIHL SHOP Taumarunui	07 895 8110	Stephen Gazjago & Joshua Gazjago	4 Katarina Street	TAUMARUNUI	❌			Central	taumarunui@stihlshop.co.nz	
STIHL SHOP Taupo	07 378 4667	Tim & Kate Martin	64 Miro Street	TAUPO	❌			Central	taupo@stihlshop.co.nz	
STIHL SHOP Tauranga	07 577 0747	Greg McLarnon	154 Elizabeth Street	TAURANGA	https://stihlshoptauranga.co.nz	Yes	Closed Won	Northern	tauranga@stihlshop.co.nz	Parts: tauranga.parts@stihlshop.co.nz
STIHL SHOP Te Anau	03 249 7322	Chris McKenzie and Alissa Johnston	15 Snodgrass Road	TE ANAU	https://www.fiordlandmarine.co.nz			Southern	admin@fiordlandmarine.co.nz	Trades as Fiordland Marine
STIHL SHOP Te Aro	04 298 2551	Richard and Gina Lousley	239 Cuba Street	TE ARO	❌			Central	tearo@stihlshop.co.nz	Trades as STIHL SHOP Ellmers
STIHL SHOP Te Awamutu	07 871 6134	Matthew & Sharlene Hird	424 Ohaupo Road	TE AWAMUTU	https://www.stihlshopta.co.nz	Yes	Proposal Sent	Central	teawamutu@stihlshop.co.nz	Said give them a couple weeks as things are busy
STIHL SHOP Te Puke	07 573 7019	Jeremy Fursdon & Brad Helbron	22 Jellicoe Street	TE PUKE	❌			Northern	tepuke@stihlshop.co.nz	
STIHL SHOP Te Rapa	07 849 9966	Onkar and Sukhdeep Singh	39 Te Kowhai Road East	HAMILTON	https://stihlshop-terapa.co.nz/			Northern	terapa@stihlshop.co.nz	
STIHL SHOP Thames	07 868 8730	Jill Gavey & Nic Jensen	317 Pollen Street	THAMES	❌			Northern	thames@stihlshop.co.nz	
STIHL SHOP Timaru	03 688 2557	John Bishop	105 Hilton Highway	TIMARU	https://stihlshoptimaru.co.nz/			Southern	sales@stihlshoptimaru.co.nz	
STIHL SHOP Tokoroa	07 886 6612	Russell & Gaye Hoskins	12 Campbell Street	TOKOROA	❌			Central	tokoroa@stihlshop.co.nz	
STIHL SHOP Upper Hutt	04 527 9682	Alastair & Louise Thomson	769 Fergusson Drive	UPPER HUTT	https://www.stihlshopupperhutt.co.nz/			Central	upperhutt@stihlshop.co.nz	
STIHL SHOP Waiheke	022 320 3844	Ben Lash	2A Tahi Road, Ostend	WAIHEKE ISLAND	❌			Northern	waiheke@stihlshop.co.nz	
STIHL SHOP Waihi	07 863 8385	Greg & Siobhan McLarnon	36 Kenny Street	WAIHI	❌	Yes	Closed Won	Northern	stihlshopwaihi@gmail.com	Uses a gmail address
STIHL SHOP Waipapa	09 407 6140	Mathew & Kimberley Vincent	The Palms, Shop 1, Klinac Lane	KERIKERI	❌			Northern	waipapa@stihlshop.co.nz	
STIHL SHOP Waipukurau	06 858 9109	Gareth Bloomfield	49 - 51 Takapau Rd	WAIPUKURAU	https://www.millshonda.co.nz			Central	waipukurau@stihlshop.co.nz	Trades as Mills Honda; alt sales@millshonda.co.nz
STIHL SHOP Wairoa	06 838 9005	Craig Curphey	54 Queen Street	WAIROA	❌			Central	wairoa@stihlshop.co.nz	
STIHL SHOP Wanaka	03 443 7916	Sam & Jenna Scott	3 Reece Crescent	WANAKA	❌			Southern	wanaka@stihlshop.co.nz	
STIHL SHOP Wanganui	06 348 9560	John & Robert Bartley	Cnr Ridgway & Wilson Street	WANGANUI	❌			Central	wanganui@stihlshop.co.nz	
STIHL SHOP Warkworth	09 425 7772	Michael & Roanne Bremner	32 Whittaker Road	WARKWORTH	https://www.stihlshopwarkworth.co.nz			Northern	warkworth@stihlshop.co.nz	
STIHL SHOP Westgate	09 930 9999	Craig Walker, Ben & Rae Deakin	15 Kakano Road	AUCKLAND	❌			Northern	westgate@stihlshop.co.nz	
STIHL SHOP Westport	03 789 5331	Bill and Shelley Caines	56 Palmerston Street	WESTPORT	❌			Southern	westport@stihlshop.co.nz	
STIHL SHOP Whakatane	07 308 8658	Patrick Redward	7 - 11 King Street	WHAKATANE	https://stihlshopwhakatane.co.nz			Central	whakatane@stihlshop.co.nz	
STIHL SHOP Whangamata	07 865 6093	Phillip and Cheryl Clarke	303 Casement Road	WHANGAMATA	❌			Northern	whangamata@stihlshop.co.nz	
STIHL SHOP Whangarei	09 438 8841	Raymond Nair, Olivia Lew and James Nair	17 Reyburn Street	WHANGAREI	❌			Northern	whangarei@stihlshop.co.nz	
STIHL SHOP Winton	03 236 8585	Sarah and Fraser Guise	177 Great North Road	WINTON	https://www.stihlshopwinton.co.nz			Southern	winton@stihlshop.co.nz	
